<?xml version="1.0" encoding="utf-8" ?>
<dwsync>
<file name="logo.png" server="C:/xampp/htdocs/tiketApps/" local="131413721770203778" remote="131413721770000000" Dst="0" />
<file name="logo-xx.png" server="C:/xampp/htdocs/tiketApps/" local="131220150710000000" remote="131220150710000000" Dst="0" />
<file name="logo-white.png" server="C:/xampp/htdocs/tiketApps/" local="131220150710000000" remote="131220150710000000" Dst="0" />
<file name="logo-white-xx.png" server="C:/xampp/htdocs/tiketApps/" local="131220150710000000" remote="131220150710000000" Dst="0" />
<file name="404-bg.png" server="C:/xampp/htdocs/tiketApps/" local="131220150710000000" remote="131220150710000000" Dst="0" />
<file name="logo-fav.png" server="C:/xampp/htdocs/tiketApps/" local="131220150710000000" remote="131220150710000000" Dst="0" />
<file name="avatar.png" server="C:/xampp/htdocs/tiketApps/" local="131220150710000000" remote="131220150710000000" Dst="0" />
<file name="avatar2.png" server="C:/xampp/htdocs/tiketApps/" local="131220150710000000" remote="131220150710000000" Dst="0" />
<file name="avatar3.png" server="C:/xampp/htdocs/tiketApps/" local="131220150710000000" remote="131220150710000000" Dst="0" />
<file name="avatar4.png" server="C:/xampp/htdocs/tiketApps/" local="131220150710000000" remote="131220150710000000" Dst="0" />
<file name="avatar5.png" server="C:/xampp/htdocs/tiketApps/" local="131220150710000000" remote="131220150710000000" Dst="0" />
<file name="github.png" server="C:/xampp/htdocs/tiketApps/" local="131220150710000000" remote="131220150710000000" Dst="0" />
<file name="bitbucket.png" server="C:/xampp/htdocs/tiketApps/" local="131220150710000000" remote="131220150710000000" Dst="0" />
<file name="slack.png" server="C:/xampp/htdocs/tiketApps/" local="131220150710000000" remote="131220150710000000" Dst="0" />
<file name="dribbble.png" server="C:/xampp/htdocs/tiketApps/" local="131220150710000000" remote="131220150710000000" Dst="0" />
<file name="mail_chimp.png" server="C:/xampp/htdocs/tiketApps/" local="131220150710000000" remote="131220150710000000" Dst="0" />
<file name="dropbox.png" server="C:/xampp/htdocs/tiketApps/" local="131220150710000000" remote="131220150710000000" Dst="0" />
<file name="avatar6.png" server="C:/xampp/htdocs/tiketApps/" local="131220150710000000" remote="131220150710000000" Dst="0" />
<file name="avatar1.png" server="C:/xampp/htdocs/tiketApps/" local="131220150710000000" remote="131220150710000000" Dst="0" />
</dwsync>