<?xml version="1.0" encoding="utf-8" ?>
<dwsync>
<file name="main.js" server="C:/xampp/htdocs/tiketApps/" local="131220150710000000" remote="131220150710000000" Dst="0" />
<file name="app-dashboard.js" server="C:/xampp/htdocs/tiketApps/" local="131220150710000000" remote="131220150710000000" Dst="0" />
<file name="app-charts-chartjs.js" server="C:/xampp/htdocs/tiketApps/" local="131220150710000000" remote="131220150710000000" Dst="0" />
<file name="app-charts-morris.js" server="C:/xampp/htdocs/tiketApps/" local="131220150710000000" remote="131220150710000000" Dst="0" />
<file name="app-charts-sparkline.js" server="C:/xampp/htdocs/tiketApps/" local="131220150710000000" remote="131220150710000000" Dst="0" />
<file name="app-charts.js" server="C:/xampp/htdocs/tiketApps/" local="131220150710000000" remote="131220150710000000" Dst="0" />
<file name="app-form-elements.js" server="C:/xampp/htdocs/tiketApps/" local="131220150710000000" remote="131220150710000000" Dst="0" />
<file name="app-form-masks.js" server="C:/xampp/htdocs/tiketApps/" local="131220150710000000" remote="131220150710000000" Dst="0" />
<file name="app-form-wizard.js" server="C:/xampp/htdocs/tiketApps/" local="131220150710000000" remote="131220150710000000" Dst="0" />
<file name="app-form-wysiwyg.js" server="C:/xampp/htdocs/tiketApps/" local="131220150710000000" remote="131220150710000000" Dst="0" />
<file name="app-icons.js" server="C:/xampp/htdocs/tiketApps/" local="131220150710000000" remote="131220150710000000" Dst="0" />
<file name="app-mail-compose.js" server="C:/xampp/htdocs/tiketApps/" local="131220150710000000" remote="131220150710000000" Dst="0" />
<file name="app-mail-inbox.js" server="C:/xampp/htdocs/tiketApps/" local="131220150710000000" remote="131220150710000000" Dst="0" />
<file name="app-maps-google.js" server="C:/xampp/htdocs/tiketApps/" local="131220150710000000" remote="131220150710000000" Dst="0" />
<file name="app-maps-vector.js" server="C:/xampp/htdocs/tiketApps/" local="131220150710000000" remote="131220150710000000" Dst="0" />
<file name="app-page-calendar.js" server="C:/xampp/htdocs/tiketApps/" local="131220150710000000" remote="131220150710000000" Dst="0" />
<file name="app-page-gallery.js" server="C:/xampp/htdocs/tiketApps/" local="131220150710000000" remote="131220150710000000" Dst="0" />
<file name="app-page-profile.js" server="C:/xampp/htdocs/tiketApps/" local="131220150710000000" remote="131220150710000000" Dst="0" />
<file name="app-tables-datatables.js" server="C:/xampp/htdocs/tiketApps/" local="131220150710000000" remote="131220150710000000" Dst="0" />
<file name="app-ui-nestable-lists.js" server="C:/xampp/htdocs/tiketApps/" local="131220150710000000" remote="131220150710000000" Dst="0" />
<file name="app-ui-notifications.js" server="C:/xampp/htdocs/tiketApps/" local="131220150710000000" remote="131220150710000000" Dst="0" />
<file name="main.min.js" server="C:/xampp/htdocs/tiketApps/" local="131220150710000000" remote="131220150710000000" Dst="0" />
<file name="jqClock.min.js" server="C:/xampp/htdocs/tiketApps/" local="129901765920000000" remote="129901765920000000" Dst="0" />
</dwsync>