<?xml version="1.0" encoding="UTF-8"?>
<project-private xmlns="http://www.netbeans.org/ns/project-private/1">
    <editor-bookmarks xmlns="http://www.netbeans.org/ns/editor-bookmarks/2" lastBookmarkId="0"/>
    <open-files xmlns="http://www.netbeans.org/ns/projectui-open-files/2">
        <group>
            <file>file:/C:/xampp_php5/htdocs/intra_2/newEmptyPHP.php</file>
            <file>file:/C:/xampp_php5/htdocs/intra_2/BUS_FORMAT.php</file>
            <file>file:/C:/xampp_php5/htdocs/intra_2/homePage.php</file>
            <file>file:/C:/xampp_php5/htdocs/intra_2/non_ac_biasa.php</file>
            <file>file:/C:/xampp_php5/htdocs/intra_2/ManUser.php</file>
            <file>file:/C:/xampp_php5/htdocs/intra_2/delPenumpang.php</file>
            <file>file:/C:/xampp_php5/htdocs/intra_2/saveEko_41.php</file>
            <file>file:/C:/xampp_php5/htdocs/intra_2/lap_harian.php</file>
            <file>file:/C:/xampp_php5/htdocs/intra_2/lap_bulanan.php</file>
            <file>file:/C:/xampp_php5/htdocs/intra_2/Class/RouteApp.php</file>
            <file>file:/C:/xampp_php5/htdocs/intra_2/Class/ConfigApp.php</file>
            <file>file:/C:/xampp_php5/htdocs/intra_2/apps.php</file>
            <file>file:/C:/xampp_php5/htdocs/intra_2/Auth/oAuth.php</file>
            <file>file:/C:/xampp_php5/htdocs/intra_2/ekonomi_toilet_41.php</file>
            <file>file:/C:/xampp_php5/htdocs/intra_2/Auth/index.php</file>
            <file>file:/C:/xampp_php5/htdocs/intra_2/surat_sj.php</file>
            <file>file:/C:/xampp_php5/htdocs/intra_2/saveBookTiketNew.php</file>
            <file>file:/C:/xampp_php5/htdocs/intra_2/index.php</file>
            <file>file:/C:/xampp_php5/htdocs/intra_2/jualTiketV2.php</file>
            <file>file:/C:/xampp_php5/htdocs/intra_2/printSJ.php</file>
            <file>file:/C:/xampp_php5/htdocs/intra_2/cekBooking.php</file>
        </group>
    </open-files>
</project-private>
