<?xml version="1.0" encoding="utf-8" ?>
<dwsync>
<file name="Roboto-Thin.eot" server="C:/xampp/htdocs/tiketApps/" local="131220150710000000" remote="131220150710000000" Dst="0" />
<file name="Roboto-Thin.woff2" server="C:/xampp/htdocs/tiketApps/" local="131220150710000000" remote="131220150710000000" Dst="0" />
<file name="Roboto-Thin.woff" server="C:/xampp/htdocs/tiketApps/" local="131220150710000000" remote="131220150710000000" Dst="0" />
<file name="Roboto-Thin.ttf" server="C:/xampp/htdocs/tiketApps/" local="131220150710000000" remote="131220150710000000" Dst="0" />
<file name="Roboto-ThinItalic.eot" server="C:/xampp/htdocs/tiketApps/" local="131220150710000000" remote="131220150710000000" Dst="0" />
<file name="Roboto-ThinItalic.woff2" server="C:/xampp/htdocs/tiketApps/" local="131220150710000000" remote="131220150710000000" Dst="0" />
<file name="Roboto-ThinItalic.woff" server="C:/xampp/htdocs/tiketApps/" local="131220150710000000" remote="131220150710000000" Dst="0" />
<file name="Roboto-ThinItalic.ttf" server="C:/xampp/htdocs/tiketApps/" local="131220150710000000" remote="131220150710000000" Dst="0" />
<file name="Roboto-Light.eot" server="C:/xampp/htdocs/tiketApps/" local="131220150710000000" remote="131220150710000000" Dst="0" />
<file name="Roboto-Light.woff2" server="C:/xampp/htdocs/tiketApps/" local="131220150710000000" remote="131220150710000000" Dst="0" />
<file name="Roboto-Light.woff" server="C:/xampp/htdocs/tiketApps/" local="131220150710000000" remote="131220150710000000" Dst="0" />
<file name="Roboto-Light.ttf" server="C:/xampp/htdocs/tiketApps/" local="131220150710000000" remote="131220150710000000" Dst="0" />
<file name="Roboto-LightItalic.eot" server="C:/xampp/htdocs/tiketApps/" local="131220150710000000" remote="131220150710000000" Dst="0" />
<file name="Roboto-LightItalic.woff2" server="C:/xampp/htdocs/tiketApps/" local="131220150710000000" remote="131220150710000000" Dst="0" />
<file name="Roboto-LightItalic.woff" server="C:/xampp/htdocs/tiketApps/" local="131220150710000000" remote="131220150710000000" Dst="0" />
<file name="Roboto-LightItalic.ttf" server="C:/xampp/htdocs/tiketApps/" local="131220150710000000" remote="131220150710000000" Dst="0" />
<file name="Roboto-Regular.eot" server="C:/xampp/htdocs/tiketApps/" local="131220150710000000" remote="131220150710000000" Dst="0" />
<file name="Roboto-Regular.woff2" server="C:/xampp/htdocs/tiketApps/" local="131220150710000000" remote="131220150710000000" Dst="0" />
<file name="Roboto-Regular.woff" server="C:/xampp/htdocs/tiketApps/" local="131220150710000000" remote="131220150710000000" Dst="0" />
<file name="Roboto-Regular.ttf" server="C:/xampp/htdocs/tiketApps/" local="131220150710000000" remote="131220150710000000" Dst="0" />
<file name="Roboto-RegularItalic.eot" server="C:/xampp/htdocs/tiketApps/" local="131220150710000000" remote="131220150710000000" Dst="0" />
<file name="Roboto-RegularItalic.woff2" server="C:/xampp/htdocs/tiketApps/" local="131220150710000000" remote="131220150710000000" Dst="0" />
<file name="Roboto-RegularItalic.woff" server="C:/xampp/htdocs/tiketApps/" local="131220150710000000" remote="131220150710000000" Dst="0" />
<file name="Roboto-RegularItalic.ttf" server="C:/xampp/htdocs/tiketApps/" local="131220150710000000" remote="131220150710000000" Dst="0" />
<file name="Roboto-Medium.eot" server="C:/xampp/htdocs/tiketApps/" local="131220150710000000" remote="131220150710000000" Dst="0" />
<file name="Roboto-Medium.woff2" server="C:/xampp/htdocs/tiketApps/" local="131220150710000000" remote="131220150710000000" Dst="0" />
<file name="Roboto-Medium.woff" server="C:/xampp/htdocs/tiketApps/" local="131220150710000000" remote="131220150710000000" Dst="0" />
<file name="Roboto-Medium.ttf" server="C:/xampp/htdocs/tiketApps/" local="131220150710000000" remote="131220150710000000" Dst="0" />
<file name="Roboto-MediumItalic.eot" server="C:/xampp/htdocs/tiketApps/" local="131220150710000000" remote="131220150710000000" Dst="0" />
<file name="Roboto-MediumItalic.woff2" server="C:/xampp/htdocs/tiketApps/" local="131220150710000000" remote="131220150710000000" Dst="0" />
<file name="Roboto-MediumItalic.woff" server="C:/xampp/htdocs/tiketApps/" local="131220150710000000" remote="131220150710000000" Dst="0" />
<file name="Roboto-MediumItalic.ttf" server="C:/xampp/htdocs/tiketApps/" local="131220150710000000" remote="131220150710000000" Dst="0" />
<file name="Roboto-Bold.eot" server="C:/xampp/htdocs/tiketApps/" local="131220150710000000" remote="131220150710000000" Dst="0" />
<file name="Roboto-Bold.woff2" server="C:/xampp/htdocs/tiketApps/" local="131220150710000000" remote="131220150710000000" Dst="0" />
<file name="Roboto-Bold.woff" server="C:/xampp/htdocs/tiketApps/" local="131220150710000000" remote="131220150710000000" Dst="0" />
<file name="Roboto-Bold.ttf" server="C:/xampp/htdocs/tiketApps/" local="131220150710000000" remote="131220150710000000" Dst="0" />
<file name="Roboto-BoldItalic.eot" server="C:/xampp/htdocs/tiketApps/" local="131220150710000000" remote="131220150710000000" Dst="0" />
<file name="Roboto-BoldItalic.woff2" server="C:/xampp/htdocs/tiketApps/" local="131220150710000000" remote="131220150710000000" Dst="0" />
<file name="Roboto-BoldItalic.woff" server="C:/xampp/htdocs/tiketApps/" local="131220150710000000" remote="131220150710000000" Dst="0" />
<file name="Roboto-BoldItalic.ttf" server="C:/xampp/htdocs/tiketApps/" local="131220150710000000" remote="131220150710000000" Dst="0" />
<file name="Roboto-Black.eot" server="C:/xampp/htdocs/tiketApps/" local="131220150710000000" remote="131220150710000000" Dst="0" />
<file name="Roboto-Black.woff2" server="C:/xampp/htdocs/tiketApps/" local="131220150710000000" remote="131220150710000000" Dst="0" />
<file name="Roboto-Black.woff" server="C:/xampp/htdocs/tiketApps/" local="131220150710000000" remote="131220150710000000" Dst="0" />
<file name="Roboto-Black.ttf" server="C:/xampp/htdocs/tiketApps/" local="131220150710000000" remote="131220150710000000" Dst="0" />
<file name="Roboto-BlackItalic.eot" server="C:/xampp/htdocs/tiketApps/" local="131220150710000000" remote="131220150710000000" Dst="0" />
<file name="Roboto-BlackItalic.woff2" server="C:/xampp/htdocs/tiketApps/" local="131220150710000000" remote="131220150710000000" Dst="0" />
<file name="Roboto-BlackItalic.woff" server="C:/xampp/htdocs/tiketApps/" local="131220150710000000" remote="131220150710000000" Dst="0" />
<file name="Roboto-BlackItalic.ttf" server="C:/xampp/htdocs/tiketApps/" local="131220150710000000" remote="131220150710000000" Dst="0" />
</dwsync>